{
	"info": {
		"_postman_id": "b678a41d-4c9a-4516-b2b5-fd336e28d24b",
		"name": "creekk_project",
		"schema": "https://schema.getpostman.com/json/collection/v2.1.0/collection.json",
		"_exporter_id": "23681652"
	},
	"item": [
		{
			"name": "Auth0 | Get Token | User1",
			"event": [
				{
					"listen": "test",
					"script": {
						"exec": [
							"pm.environment.set(\"jwt1\", pm.response.json()[\"id_token\"]);"
						],
						"type": "text/javascript"
					}
				}
			],
			"request": {
				"method": "POST",
				"header": [],
				"body": {
					"mode": "raw",
					"raw": "{\r\n    \"grant_type\": \"password\",\r\n    \"username\" : \"{{user_id1}}\",\r\n    \"password\" : \"{{user1_password}}\",\r\n    \"client_id\": \"{{client_id}}\",\r\n    \"client_secret\": \"{{client_secret}}\"\r\n}",
					"options": {
						"raw": {
							"language": "json"
						}
					}
				},
				"url": {
					"raw": "https://{{auth0-domain}}/oauth/token",
					"protocol": "https",
					"host": [
						"{{auth0-domain}}"
					],
					"path": [
						"oauth",
						"token"
					]
				}
			},
			"response": []
		},
		{
			"name": "Auth0 | Get Token | User2",
			"event": [
				{
					"listen": "test",
					"script": {
						"exec": [
							"pm.environment.set(\"jwt2\", pm.response.json()[\"id_token\"]);"
						],
						"type": "text/javascript"
					}
				}
			],
			"request": {
				"method": "POST",
				"header": [],
				"body": {
					"mode": "raw",
					"raw": "{\r\n    \"grant_type\": \"password\",\r\n    \"username\" : \"{{user_id2}}\",\r\n    \"password\" : \"{{user2_password}}\",\r\n    \"client_id\": \"{{client_id}}\",\r\n    \"client_secret\": \"{{client_secret}}\"\r\n}",
					"options": {
						"raw": {
							"language": "json"
						}
					}
				},
				"url": {
					"raw": "https://{{auth0-domain}}/oauth/token",
					"protocol": "https",
					"host": [
						"{{auth0-domain}}"
					],
					"path": [
						"oauth",
						"token"
					]
				}
			},
			"response": []
		},
		{
			"name": "*** END TEAM JWT SETUP ***",
			"request": {
				"method": "LOCK",
				"header": []
			},
			"response": []
		},
		{
			"name": "Create | Team 1 | jwt1",
			"event": [
				{
					"listen": "test",
					"script": {
						"exec": [
							"pm.environment.set(\"team1_jwt1\", pm.response.json()[\"id\"]);\r",
							"pm.test(\"201 status code\", function () {\r",
							"    pm.response.to.have.status(201);\r",
							"});"
						],
						"type": "text/javascript"
					}
				}
			],
			"request": {
				"auth": {
					"type": "bearer",
					"bearer": [
						{
							"key": "token",
							"value": "{{jwt1}}",
							"type": "string"
						}
					]
				},
				"method": "POST",
				"header": [],
				"body": {
					"mode": "raw",
					"raw": "{\r\n    \"nickname\": \"Seahawks\",\r\n    \"city\": \"Seattle\",\r\n    \"state\": \"Washington\"\r\n}",
					"options": {
						"raw": {
							"language": "json"
						}
					}
				},
				"url": {
					"raw": "{{app_url}}/teams",
					"host": [
						"{{app_url}}"
					],
					"path": [
						"teams"
					]
				}
			},
			"response": []
		},
		{
			"name": "Create | Team 2 | jwt1",
			"event": [
				{
					"listen": "test",
					"script": {
						"exec": [
							"pm.test(\"201 status code\", function () {\r",
							"    pm.response.to.have.status(201);\r",
							"});"
						],
						"type": "text/javascript"
					}
				}
			],
			"request": {
				"auth": {
					"type": "bearer",
					"bearer": [
						{
							"key": "token",
							"value": "{{jwt1}}",
							"type": "string"
						}
					]
				},
				"method": "POST",
				"header": [
					{
						"key": "Accept",
						"value": "application/json",
						"type": "text"
					}
				],
				"body": {
					"mode": "raw",
					"raw": "{\r\n    \"nickname\": \"Raiders\",\r\n    \"city\": \"Las Vegas\",\r\n    \"state\": \"Nevada\"\r\n}",
					"options": {
						"raw": {
							"language": "json"
						}
					}
				},
				"url": {
					"raw": "{{app_url}}/teams",
					"host": [
						"{{app_url}}"
					],
					"path": [
						"teams"
					]
				}
			},
			"response": []
		},
		{
			"name": "Create | Team 1 | jwt2",
			"event": [
				{
					"listen": "test",
					"script": {
						"exec": [
							"pm.test(\"201 status code\", function () {\r",
							"    pm.response.to.have.status(201);\r",
							"});"
						],
						"type": "text/javascript"
					}
				}
			],
			"request": {
				"auth": {
					"type": "bearer",
					"bearer": [
						{
							"key": "token",
							"value": "{{jwt2}}",
							"type": "string"
						}
					]
				},
				"method": "POST",
				"header": [
					{
						"key": "Accept",
						"value": "application/json",
						"type": "text"
					}
				],
				"body": {
					"mode": "raw",
					"raw": "{\r\n    \"nickname\": \"Bears\",\r\n    \"city\": \"Chicago\",\r\n    \"state\": \"Illinois\"\r\n}",
					"options": {
						"raw": {
							"language": "json"
						}
					}
				},
				"url": {
					"raw": "{{app_url}}/teams",
					"host": [
						"{{app_url}}"
					],
					"path": [
						"teams"
					]
				}
			},
			"response": []
		},
		{
			"name": "Create | Team 2 | jwt2",
			"event": [
				{
					"listen": "test",
					"script": {
						"exec": [
							"pm.environment.set(\"team2_jwt2\", pm.response.json()[\"id\"]);\r",
							"pm.test(\"201 status code\", function () {\r",
							"    pm.response.to.have.status(201);\r",
							"});"
						],
						"type": "text/javascript"
					}
				}
			],
			"request": {
				"auth": {
					"type": "bearer",
					"bearer": [
						{
							"key": "token",
							"value": "{{jwt2}}",
							"type": "string"
						}
					]
				},
				"method": "POST",
				"header": [
					{
						"key": "Accept",
						"value": "application/json",
						"type": "text"
					}
				],
				"body": {
					"mode": "raw",
					"raw": "{\r\n    \"nickname\": \"Chargers\",\r\n    \"city\": \"Los Angeles\",\r\n    \"state\": \"California\"\r\n}",
					"options": {
						"raw": {
							"language": "json"
						}
					}
				},
				"url": {
					"raw": "{{app_url}}/teams",
					"host": [
						"{{app_url}}"
					],
					"path": [
						"teams"
					]
				}
			},
			"response": []
		},
		{
			"name": "Rejected Create | Team | No JWT",
			"event": [
				{
					"listen": "test",
					"script": {
						"exec": [
							"pm.test(\"401 status code\", function () {\r",
							"    pm.response.to.have.status(401);\r",
							"});\r",
							"\r",
							""
						],
						"type": "text/javascript"
					}
				}
			],
			"request": {
				"auth": {
					"type": "noauth"
				},
				"method": "POST",
				"header": [
					{
						"key": "Accept",
						"value": "application/json",
						"type": "text"
					}
				],
				"body": {
					"mode": "raw",
					"raw": "{\r\n    \"nickname\": \"Rams\",\r\n    \"city\": \"Los Angeles\",\r\n    \"state\": \"California\"\r\n}",
					"options": {
						"raw": {
							"language": "json"
						}
					}
				},
				"url": {
					"raw": "{{app_url}}/teams",
					"host": [
						"{{app_url}}"
					],
					"path": [
						"teams"
					]
				}
			},
			"response": []
		},
		{
			"name": "Rejected Create | Team | Missing Attribute",
			"event": [
				{
					"listen": "test",
					"script": {
						"exec": [
							"pm.test(\"400 status code\", function () {\r",
							"    pm.response.to.have.status(400);\r",
							"});\r",
							"\r",
							""
						],
						"type": "text/javascript"
					}
				}
			],
			"request": {
				"auth": {
					"type": "bearer",
					"bearer": [
						{
							"key": "token",
							"value": "{{jwt2}}",
							"type": "string"
						}
					]
				},
				"method": "POST",
				"header": [
					{
						"key": "Accept",
						"value": "application/json",
						"type": "text"
					}
				],
				"body": {
					"mode": "raw",
					"raw": "{\r\n    \"city\": \"Los Angeles\",\r\n    \"state\": \"California\"\r\n}",
					"options": {
						"raw": {
							"language": "json"
						}
					}
				},
				"url": {
					"raw": "{{app_url}}/teams",
					"host": [
						"{{app_url}}"
					],
					"path": [
						"teams"
					]
				}
			},
			"response": []
		},
		{
			"name": "Rejected Create | Team |  Not Unique Name",
			"event": [
				{
					"listen": "test",
					"script": {
						"exec": [
							"pm.test(\"403 status code\", function () {\r",
							"    pm.response.to.have.status(403);\r",
							"});\r",
							"\r",
							""
						],
						"type": "text/javascript"
					}
				}
			],
			"request": {
				"auth": {
					"type": "bearer",
					"bearer": [
						{
							"key": "token",
							"value": "{{jwt2}}",
							"type": "string"
						}
					]
				},
				"method": "POST",
				"header": [
					{
						"key": "Accept",
						"value": "application/json",
						"type": "text"
					}
				],
				"body": {
					"mode": "raw",
					"raw": "{\r\n    \"nickname\": \"Chargers\",\r\n    \"city\": \"Los Angeles\",\r\n    \"state\": \"California\"\r\n}",
					"options": {
						"raw": {
							"language": "json"
						}
					}
				},
				"url": {
					"raw": "{{app_url}}/teams",
					"host": [
						"{{app_url}}"
					],
					"path": [
						"teams"
					]
				}
			},
			"response": []
		},
		{
			"name": "Read | JWT 1 Teams",
			"event": [
				{
					"listen": "test",
					"script": {
						"exec": [
							"pm.test(\"200 status code\", function () {\r",
							"    pm.response.to.have.status(200);\r",
							"});"
						],
						"type": "text/javascript"
					}
				}
			],
			"protocolProfileBehavior": {
				"disableBodyPruning": true
			},
			"request": {
				"auth": {
					"type": "bearer",
					"bearer": [
						{
							"key": "token",
							"value": "{{jwt1}}",
							"type": "string"
						}
					]
				},
				"method": "GET",
				"header": [
					{
						"key": "Accept",
						"value": "application/json",
						"type": "text"
					}
				],
				"body": {
					"mode": "raw",
					"raw": "",
					"options": {
						"raw": {
							"language": "json"
						}
					}
				},
				"url": {
					"raw": "{{app_url}}/teams",
					"host": [
						"{{app_url}}"
					],
					"path": [
						"teams"
					]
				}
			},
			"response": []
		},
		{
			"name": "Read | JWT 2 Teams",
			"event": [
				{
					"listen": "test",
					"script": {
						"exec": [
							"pm.test(\"200 status code\", function () {\r",
							"    pm.response.to.have.status(200);\r",
							"});"
						],
						"type": "text/javascript"
					}
				}
			],
			"protocolProfileBehavior": {
				"disableBodyPruning": true
			},
			"request": {
				"auth": {
					"type": "bearer",
					"bearer": [
						{
							"key": "token",
							"value": "{{jwt2}}",
							"type": "string"
						}
					]
				},
				"method": "GET",
				"header": [
					{
						"key": "Accept",
						"value": "application/json",
						"type": "text"
					}
				],
				"body": {
					"mode": "raw",
					"raw": "",
					"options": {
						"raw": {
							"language": "json"
						}
					}
				},
				"url": {
					"raw": "{{app_url}}/teams",
					"host": [
						"{{app_url}}"
					],
					"path": [
						"teams"
					]
				}
			},
			"response": []
		},
		{
			"name": "Rejected Read | No JWT",
			"event": [
				{
					"listen": "test",
					"script": {
						"exec": [
							"pm.test(\"401 status code\", function () {\r",
							"    pm.response.to.have.status(401);\r",
							"});"
						],
						"type": "text/javascript"
					}
				}
			],
			"protocolProfileBehavior": {
				"disableBodyPruning": true
			},
			"request": {
				"auth": {
					"type": "noauth"
				},
				"method": "GET",
				"header": [
					{
						"key": "Accept",
						"value": "application/json",
						"type": "text"
					}
				],
				"body": {
					"mode": "raw",
					"raw": "",
					"options": {
						"raw": {
							"language": "json"
						}
					}
				},
				"url": {
					"raw": "{{app_url}}/teams",
					"host": [
						"{{app_url}}"
					],
					"path": [
						"teams"
					]
				}
			},
			"response": []
		},
		{
			"name": "Rejected Read | Invalid Team",
			"event": [
				{
					"listen": "test",
					"script": {
						"exec": [
							"pm.test(\"404 status code\", function () {\r",
							"    pm.response.to.have.status(404);\r",
							"});"
						],
						"type": "text/javascript"
					}
				}
			],
			"protocolProfileBehavior": {
				"disableBodyPruning": true
			},
			"request": {
				"auth": {
					"type": "bearer",
					"bearer": [
						{
							"key": "token",
							"value": "{{jwt1}}",
							"type": "string"
						}
					]
				},
				"method": "GET",
				"header": [
					{
						"key": "Accept",
						"value": "application/json",
						"type": "text"
					}
				],
				"body": {
					"mode": "raw",
					"raw": "",
					"options": {
						"raw": {
							"language": "json"
						}
					}
				},
				"url": {
					"raw": "{{app_url}}/teams/123456",
					"host": [
						"{{app_url}}"
					],
					"path": [
						"teams",
						"123456"
					]
				}
			},
			"response": []
		},
		{
			"name": "Rejected Read | invalid JWT",
			"event": [
				{
					"listen": "test",
					"script": {
						"exec": [
							"pm.test(\"401 status code\", function () {\r",
							"    pm.response.to.have.status(401);\r",
							"});"
						],
						"type": "text/javascript"
					}
				}
			],
			"protocolProfileBehavior": {
				"disableBodyPruning": true
			},
			"request": {
				"auth": {
					"type": "bearer",
					"bearer": [
						{
							"key": "token",
							"value": "{{jwt2}}",
							"type": "string"
						}
					]
				},
				"method": "GET",
				"header": [
					{
						"key": "Accept",
						"value": "application/json",
						"type": "text"
					}
				],
				"body": {
					"mode": "raw",
					"raw": "",
					"options": {
						"raw": {
							"language": "json"
						}
					}
				},
				"url": {
					"raw": "{{app_url}}/teams/{{team1_jwt1}}",
					"host": [
						"{{app_url}}"
					],
					"path": [
						"teams",
						"{{team1_jwt1}}"
					]
				}
			},
			"response": []
		},
		{
			"name": "Read | Team 1",
			"event": [
				{
					"listen": "test",
					"script": {
						"exec": [
							"pm.test(\"200 status code\", function () {\r",
							"    pm.response.to.have.status(200);\r",
							"});"
						],
						"type": "text/javascript"
					}
				}
			],
			"protocolProfileBehavior": {
				"disableBodyPruning": true
			},
			"request": {
				"auth": {
					"type": "bearer",
					"bearer": [
						{
							"key": "token",
							"value": "{{jwt1}}",
							"type": "string"
						}
					]
				},
				"method": "GET",
				"header": [
					{
						"key": "Accept",
						"value": "application/json",
						"type": "text"
					}
				],
				"body": {
					"mode": "raw",
					"raw": "",
					"options": {
						"raw": {
							"language": "json"
						}
					}
				},
				"url": {
					"raw": "{{app_url}}/teams/{{team1_jwt1}}",
					"host": [
						"{{app_url}}"
					],
					"path": [
						"teams",
						"{{team1_jwt1}}"
					]
				}
			},
			"response": []
		},
		{
			"name": "Rejected Update | Partial Revision Team 2 | JWT1 Update JWT2",
			"event": [
				{
					"listen": "test",
					"script": {
						"exec": [
							"pm.test(\"401 status code\", function () {\r",
							"    pm.response.to.have.status(401);\r",
							"});"
						],
						"type": "text/javascript"
					}
				}
			],
			"request": {
				"auth": {
					"type": "bearer",
					"bearer": [
						{
							"key": "token",
							"value": "{{jwt1}}",
							"type": "string"
						}
					]
				},
				"method": "PATCH",
				"header": [
					{
						"key": "Accept",
						"value": "application/json",
						"type": "text"
					}
				],
				"body": {
					"mode": "raw",
					"raw": "{\r\n    \"nickname\": \"Rams2\",\r\n    \"city\": \"Los Angeles2\",\r\n    \"state\": \"California2\"\r\n}",
					"options": {
						"raw": {
							"language": "json"
						}
					}
				},
				"url": {
					"raw": "{{app_url}}/teams/{{team2_jwt2}}",
					"host": [
						"{{app_url}}"
					],
					"path": [
						"teams",
						"{{team2_jwt2}}"
					]
				}
			},
			"response": []
		},
		{
			"name": "Rejected Update | Invalid team_id",
			"event": [
				{
					"listen": "test",
					"script": {
						"exec": [
							"pm.test(\"404 status code\", function () {\r",
							"    pm.response.to.have.status(404);\r",
							"});"
						],
						"type": "text/javascript"
					}
				}
			],
			"request": {
				"auth": {
					"type": "bearer",
					"bearer": [
						{
							"key": "token",
							"value": "{{jwt2}}",
							"type": "string"
						}
					]
				},
				"method": "PATCH",
				"header": [
					{
						"key": "Accept",
						"value": "application/json",
						"type": "text"
					}
				],
				"body": {
					"mode": "raw",
					"raw": "{\r\n    \"nickname\": \"Rams2\",\r\n    \"city\": \"Los Angeles2\",\r\n    \"state\": \"California2\"\r\n}",
					"options": {
						"raw": {
							"language": "json"
						}
					}
				},
				"url": {
					"raw": "{{app_url}}/teams/1234567",
					"host": [
						"{{app_url}}"
					],
					"path": [
						"teams",
						"1234567"
					]
				}
			},
			"response": []
		},
		{
			"name": "Rejected Update | Copy Nickname",
			"event": [
				{
					"listen": "test",
					"script": {
						"exec": [
							"pm.test(\"403 status code\", function () {\r",
							"    pm.response.to.have.status(403);\r",
							"});"
						],
						"type": "text/javascript"
					}
				}
			],
			"request": {
				"auth": {
					"type": "bearer",
					"bearer": [
						{
							"key": "token",
							"value": "{{jwt2}}",
							"type": "string"
						}
					]
				},
				"method": "PATCH",
				"header": [
					{
						"key": "Accept",
						"value": "application/json",
						"type": "text"
					}
				],
				"body": {
					"mode": "raw",
					"raw": "{\r\n    \"nickname\": \"Chargers\",\r\n    \"city\": \"St.Louis\",\r\n    \"state\": \"Missouri\"\r\n}",
					"options": {
						"raw": {
							"language": "json"
						}
					}
				},
				"url": {
					"raw": "{{app_url}}/teams/{{team2_jwt2}}",
					"host": [
						"{{app_url}}"
					],
					"path": [
						"teams",
						"{{team2_jwt2}}"
					]
				}
			},
			"response": []
		},
		{
			"name": "Update | Partial Revision Team 2",
			"event": [
				{
					"listen": "test",
					"script": {
						"exec": [
							"pm.test(\"200 status code\", function () {\r",
							"    pm.response.to.have.status(200);\r",
							"});"
						],
						"type": "text/javascript"
					}
				}
			],
			"request": {
				"auth": {
					"type": "bearer",
					"bearer": [
						{
							"key": "token",
							"value": "{{jwt2}}",
							"type": "string"
						}
					]
				},
				"method": "PATCH",
				"header": [
					{
						"key": "Accept",
						"value": "application/json",
						"type": "text"
					}
				],
				"body": {
					"mode": "raw",
					"raw": "{\r\n    \"city\": \"St.Louis\",\r\n    \"state\": \"Missouri\"\r\n}",
					"options": {
						"raw": {
							"language": "json"
						}
					}
				},
				"url": {
					"raw": "{{app_url}}/teams/{{team2_jwt2}}",
					"host": [
						"{{app_url}}"
					],
					"path": [
						"teams",
						"{{team2_jwt2}}"
					]
				}
			},
			"response": []
		},
		{
			"name": "Rejected Update | Invalid JWT",
			"event": [
				{
					"listen": "test",
					"script": {
						"exec": [
							"pm.test(\"401 status code\", function () {\r",
							"    pm.response.to.have.status(401);\r",
							"});"
						],
						"type": "text/javascript"
					}
				}
			],
			"request": {
				"auth": {
					"type": "bearer",
					"bearer": [
						{
							"key": "token",
							"value": "{{jwt1}}",
							"type": "string"
						}
					]
				},
				"method": "PUT",
				"header": [
					{
						"key": "Accept",
						"value": "application/json",
						"type": "text"
					}
				],
				"body": {
					"mode": "raw",
					"raw": "{\r\n    \"nickname\": \"Rams2\",\r\n    \"city\": \"Los Angeles2\",\r\n    \"state\": \"California2\"\r\n}",
					"options": {
						"raw": {
							"language": "json"
						}
					}
				},
				"url": {
					"raw": "{{app_url}}/teams/{{team2_jwt2}}",
					"host": [
						"{{app_url}}"
					],
					"path": [
						"teams",
						"{{team2_jwt2}}"
					]
				}
			},
			"response": []
		},
		{
			"name": "Rejected Update | Bad Team_ID",
			"event": [
				{
					"listen": "test",
					"script": {
						"exec": [
							"pm.test(\"404 status code\", function () {\r",
							"    pm.response.to.have.status(404);\r",
							"});"
						],
						"type": "text/javascript"
					}
				}
			],
			"request": {
				"auth": {
					"type": "bearer",
					"bearer": [
						{
							"key": "token",
							"value": "{{jwt2}}",
							"type": "string"
						}
					]
				},
				"method": "PUT",
				"header": [
					{
						"key": "Accept",
						"value": "application/json",
						"type": "text"
					}
				],
				"body": {
					"mode": "raw",
					"raw": "{\r\n    \"nickname\": \"Rams2\",\r\n    \"city\": \"Los Angeles2\",\r\n    \"state\": \"California2\"\r\n}",
					"options": {
						"raw": {
							"language": "json"
						}
					}
				},
				"url": {
					"raw": "{{app_url}}/teams/1234567",
					"host": [
						"{{app_url}}"
					],
					"path": [
						"teams",
						"1234567"
					],
					"query": [
						{
							"key": "Accept",
							"value": "application/json",
							"disabled": true
						}
					]
				}
			},
			"response": []
		},
		{
			"name": "Rejected Update | Missing Attribute",
			"event": [
				{
					"listen": "test",
					"script": {
						"exec": [
							"pm.test(\"400 status code\", function () {\r",
							"    pm.response.to.have.status(400);\r",
							"});"
						],
						"type": "text/javascript"
					}
				}
			],
			"request": {
				"auth": {
					"type": "bearer",
					"bearer": [
						{
							"key": "token",
							"value": "{{jwt2}}",
							"type": "string"
						}
					]
				},
				"method": "PUT",
				"header": [
					{
						"key": "Accept",
						"value": "application/json",
						"type": "text"
					}
				],
				"body": {
					"mode": "raw",
					"raw": "{\r\n    \"city\": \"Los Angeles2\",\r\n    \"state\": \"California2\"\r\n}",
					"options": {
						"raw": {
							"language": "json"
						}
					}
				},
				"url": {
					"raw": "{{app_url}}/teams/{{team2_jwt2}}",
					"host": [
						"{{app_url}}"
					],
					"path": [
						"teams",
						"{{team2_jwt2}}"
					]
				}
			},
			"response": []
		},
		{
			"name": "Rejected Update | Copy Nickname",
			"event": [
				{
					"listen": "test",
					"script": {
						"exec": [
							"pm.test(\"403 status code\", function () {\r",
							"    pm.response.to.have.status(403);\r",
							"});"
						],
						"type": "text/javascript"
					}
				}
			],
			"request": {
				"auth": {
					"type": "bearer",
					"bearer": [
						{
							"key": "token",
							"value": "{{jwt2}}",
							"type": "string"
						}
					]
				},
				"method": "PUT",
				"header": [
					{
						"key": "Accept",
						"value": "application/json",
						"type": "text"
					}
				],
				"body": {
					"mode": "raw",
					"raw": "{\r\n    \"nickname\": \"Bears\",\r\n    \"city\": \"Los Angeles Again\",\r\n    \"state\": \"California Again\"\r\n}",
					"options": {
						"raw": {
							"language": "json"
						}
					}
				},
				"url": {
					"raw": "{{app_url}}/teams/{{team2_jwt2}}",
					"host": [
						"{{app_url}}"
					],
					"path": [
						"teams",
						"{{team2_jwt2}}"
					]
				}
			},
			"response": []
		},
		{
			"name": "Update | Edit Team 2 | jwt2",
			"event": [
				{
					"listen": "test",
					"script": {
						"exec": [
							"pm.test(\"200 status code\", function () {\r",
							"    pm.response.to.have.status(200);\r",
							"});"
						],
						"type": "text/javascript"
					}
				}
			],
			"request": {
				"auth": {
					"type": "bearer",
					"bearer": [
						{
							"key": "token",
							"value": "{{jwt2}}",
							"type": "string"
						}
					]
				},
				"method": "PUT",
				"header": [
					{
						"key": "Accept",
						"value": "application/json",
						"type": "text"
					}
				],
				"body": {
					"mode": "raw",
					"raw": "{\r\n    \"nickname\": \"Rams2\",\r\n    \"city\": \"Los Angeles Again\",\r\n    \"state\": \"California Again\"\r\n}",
					"options": {
						"raw": {
							"language": "json"
						}
					}
				},
				"url": {
					"raw": "{{app_url}}/teams/{{team2_jwt2}}",
					"host": [
						"{{app_url}}"
					],
					"path": [
						"teams",
						"{{team2_jwt2}}"
					]
				}
			},
			"response": []
		},
		{
			"name": "Create Sacrificial Team",
			"event": [
				{
					"listen": "test",
					"script": {
						"exec": [
							"pm.environment.set(\"dead_team\", pm.response.json()[\"id\"]);"
						],
						"type": "text/javascript"
					}
				}
			],
			"request": {
				"auth": {
					"type": "bearer",
					"bearer": [
						{
							"key": "token",
							"value": "{{jwt1}}",
							"type": "string"
						}
					]
				},
				"method": "POST",
				"header": [
					{
						"key": "Accept",
						"value": "application/json",
						"type": "text"
					}
				],
				"body": {
					"mode": "raw",
					"raw": "{\r\n    \"nickname\": \"Team\",\r\n    \"city\": \"will be\",\r\n    \"state\": \"sacrificed\"\r\n}",
					"options": {
						"raw": {
							"language": "json"
						}
					}
				},
				"url": {
					"raw": "{{app_url}}/teams",
					"host": [
						"{{app_url}}"
					],
					"path": [
						"teams"
					]
				}
			},
			"response": []
		},
		{
			"name": "Rejected Delete |  Bad JWT",
			"event": [
				{
					"listen": "test",
					"script": {
						"exec": [
							"pm.test(\"401 status code\", function () {\r",
							"    pm.response.to.have.status(401);\r",
							"});\r",
							"\r",
							"\r",
							""
						],
						"type": "text/javascript"
					}
				}
			],
			"request": {
				"auth": {
					"type": "bearer",
					"bearer": [
						{
							"key": "token",
							"value": "{{jwt2}}",
							"type": "string"
						}
					]
				},
				"method": "DELETE",
				"header": [
					{
						"key": "Accept",
						"value": "application/json",
						"type": "text"
					}
				],
				"body": {
					"mode": "raw",
					"raw": "",
					"options": {
						"raw": {
							"language": "json"
						}
					}
				},
				"url": {
					"raw": "{{app_url}}/teams/{{dead_team}}",
					"host": [
						"{{app_url}}"
					],
					"path": [
						"teams",
						"{{dead_team}}"
					]
				}
			},
			"response": []
		},
		{
			"name": "Rejected Delete | Bad team_id",
			"event": [
				{
					"listen": "test",
					"script": {
						"exec": [
							"pm.test(\"404 status code\", function () {\r",
							"    pm.response.to.have.status(404);\r",
							"});\r",
							"\r",
							"\r",
							""
						],
						"type": "text/javascript"
					}
				}
			],
			"request": {
				"auth": {
					"type": "bearer",
					"bearer": [
						{
							"key": "token",
							"value": "{{jwt1}}",
							"type": "string"
						}
					]
				},
				"method": "DELETE",
				"header": [
					{
						"key": "Accept",
						"value": "application/json",
						"type": "text"
					}
				],
				"body": {
					"mode": "raw",
					"raw": "",
					"options": {
						"raw": {
							"language": "json"
						}
					}
				},
				"url": {
					"raw": "{{app_url}}/teams/123456789",
					"host": [
						"{{app_url}}"
					],
					"path": [
						"teams",
						"123456789"
					]
				}
			},
			"response": []
		},
		{
			"name": "Delete | No JWT",
			"event": [
				{
					"listen": "test",
					"script": {
						"exec": [
							"pm.test(\"401 status code\", function () {\r",
							"    pm.response.to.have.status(401);\r",
							"});\r",
							"\r",
							"\r",
							""
						],
						"type": "text/javascript"
					}
				}
			],
			"request": {
				"auth": {
					"type": "noauth"
				},
				"method": "DELETE",
				"header": [
					{
						"key": "Accept",
						"value": "application/json",
						"type": "text"
					}
				],
				"body": {
					"mode": "raw",
					"raw": "",
					"options": {
						"raw": {
							"language": "json"
						}
					}
				},
				"url": {
					"raw": "{{app_url}}/teams/{{dead_team}}",
					"host": [
						"{{app_url}}"
					],
					"path": [
						"teams",
						"{{dead_team}}"
					]
				}
			},
			"response": []
		},
		{
			"name": "Delete | Sacrifical Team",
			"event": [
				{
					"listen": "test",
					"script": {
						"exec": [
							"pm.test(\"204 status code\", function () {\r",
							"    pm.response.to.have.status(204);\r",
							"});\r",
							"\r",
							"\r",
							""
						],
						"type": "text/javascript"
					}
				}
			],
			"request": {
				"auth": {
					"type": "bearer",
					"bearer": [
						{
							"key": "token",
							"value": "{{jwt1}}",
							"type": "string"
						}
					]
				},
				"method": "DELETE",
				"header": [
					{
						"key": "Accept",
						"value": "application/json",
						"type": "text"
					}
				],
				"body": {
					"mode": "raw",
					"raw": "",
					"options": {
						"raw": {
							"language": "json"
						}
					}
				},
				"url": {
					"raw": "{{app_url}}/teams/{{dead_team}}",
					"host": [
						"{{app_url}}"
					],
					"path": [
						"teams",
						"{{dead_team}}"
					]
				}
			},
			"response": []
		},
		{
			"name": "*** END TEAM CRUD TESTING ***",
			"request": {
				"method": "LOCK",
				"header": []
			},
			"response": []
		},
		{
			"name": "Create | Create Player 1",
			"event": [
				{
					"listen": "test",
					"script": {
						"exec": [
							"pm.environment.set(\"player1_id\", pm.response.json()[\"id\"]);\r",
							"pm.test(\"201 status code\", function () {\r",
							"    pm.response.to.have.status(201);\r",
							"});"
						],
						"type": "text/javascript"
					}
				}
			],
			"request": {
				"method": "POST",
				"header": [
					{
						"key": "Accept",
						"value": "application/json",
						"type": "text"
					}
				],
				"body": {
					"mode": "raw",
					"raw": "{\r\n    \"name\": \"Kyle Creek\",\r\n    \"height\": 60,\r\n    \"weight\": 205\r\n}",
					"options": {
						"raw": {
							"language": "json"
						}
					}
				},
				"url": {
					"raw": "{{app_url}}/players",
					"host": [
						"{{app_url}}"
					],
					"path": [
						"players"
					]
				}
			},
			"response": []
		},
		{
			"name": "Rejected Create Player | Missing Attribute",
			"event": [
				{
					"listen": "test",
					"script": {
						"exec": [
							"pm.test(\"400 status code\", function () {\r",
							"    pm.response.to.have.status(400);\r",
							"});"
						],
						"type": "text/javascript"
					}
				}
			],
			"request": {
				"method": "POST",
				"header": [
					{
						"key": "Accept",
						"value": "application/json",
						"type": "text"
					}
				],
				"body": {
					"mode": "raw",
					"raw": "{\r\n    \"height\": 60,\r\n    \"weight\": 205\r\n}",
					"options": {
						"raw": {
							"language": "json"
						}
					}
				},
				"url": {
					"raw": "{{app_url}}/players",
					"host": [
						"{{app_url}}"
					],
					"path": [
						"players"
					]
				}
			},
			"response": []
		},
		{
			"name": "View Players",
			"event": [
				{
					"listen": "test",
					"script": {
						"exec": [
							"pm.test(\"200 status code\", function () {\r",
							"    pm.response.to.have.status(200);\r",
							"});"
						],
						"type": "text/javascript"
					}
				}
			],
			"protocolProfileBehavior": {
				"disableBodyPruning": true
			},
			"request": {
				"method": "GET",
				"header": [
					{
						"key": "Accept",
						"value": "application/json",
						"type": "text"
					}
				],
				"body": {
					"mode": "raw",
					"raw": "",
					"options": {
						"raw": {
							"language": "json"
						}
					}
				},
				"url": {
					"raw": "{{app_url}}/players",
					"host": [
						"{{app_url}}"
					],
					"path": [
						"players"
					]
				}
			},
			"response": []
		},
		{
			"name": "Read |  Player 1",
			"event": [
				{
					"listen": "test",
					"script": {
						"exec": [
							"pm.test(\"200 status code\", function () {\r",
							"    pm.response.to.have.status(200);\r",
							"});"
						],
						"type": "text/javascript"
					}
				}
			],
			"protocolProfileBehavior": {
				"disableBodyPruning": true
			},
			"request": {
				"method": "GET",
				"header": [
					{
						"key": "Accept",
						"value": "application/json",
						"type": "text"
					}
				],
				"body": {
					"mode": "raw",
					"raw": "",
					"options": {
						"raw": {
							"language": "json"
						}
					}
				},
				"url": {
					"raw": "{{app_url}}/players/{{player1_id}}",
					"host": [
						"{{app_url}}"
					],
					"path": [
						"players",
						"{{player1_id}}"
					]
				}
			},
			"response": []
		},
		{
			"name": "Rejected Read |  Invalid Player ID",
			"event": [
				{
					"listen": "test",
					"script": {
						"exec": [
							"pm.test(\"404 status code\", function () {\r",
							"    pm.response.to.have.status(404);\r",
							"});"
						],
						"type": "text/javascript"
					}
				}
			],
			"protocolProfileBehavior": {
				"disableBodyPruning": true
			},
			"request": {
				"method": "GET",
				"header": [
					{
						"key": "Accept",
						"value": "application/json",
						"type": "text"
					}
				],
				"body": {
					"mode": "raw",
					"raw": "",
					"options": {
						"raw": {
							"language": "json"
						}
					}
				},
				"url": {
					"raw": "{{app_url}}/players/12347",
					"host": [
						"{{app_url}}"
					],
					"path": [
						"players",
						"12347"
					]
				}
			},
			"response": []
		},
		{
			"name": "Read |  Player 1 (Before Edit)",
			"event": [
				{
					"listen": "test",
					"script": {
						"exec": [
							"pm.test(\"200 status code\", function () {\r",
							"    pm.response.to.have.status(200);\r",
							"});"
						],
						"type": "text/javascript"
					}
				}
			],
			"protocolProfileBehavior": {
				"disableBodyPruning": true
			},
			"request": {
				"method": "GET",
				"header": [
					{
						"key": "Accept",
						"value": "application/json",
						"type": "text"
					}
				],
				"body": {
					"mode": "raw",
					"raw": "",
					"options": {
						"raw": {
							"language": "json"
						}
					}
				},
				"url": {
					"raw": "{{app_url}}/players/{{player1_id}}",
					"host": [
						"{{app_url}}"
					],
					"path": [
						"players",
						"{{player1_id}}"
					]
				}
			},
			"response": []
		},
		{
			"name": "Update | Partial Revision of Player 1 - Name",
			"event": [
				{
					"listen": "test",
					"script": {
						"exec": [
							"pm.test(\"200 status code\", function () {\r",
							"    pm.response.to.have.status(200);\r",
							"});"
						],
						"type": "text/javascript"
					}
				}
			],
			"request": {
				"method": "PATCH",
				"header": [
					{
						"key": "Accept",
						"value": "application/json",
						"type": "text"
					}
				],
				"body": {
					"mode": "raw",
					"raw": "{\r\n    \"name\": \"Smoking Jose\"\r\n}",
					"options": {
						"raw": {
							"language": "json"
						}
					}
				},
				"url": {
					"raw": "{{app_url}}/players/{{player1_id}}",
					"host": [
						"{{app_url}}"
					],
					"path": [
						"players",
						"{{player1_id}}"
					]
				}
			},
			"response": []
		},
		{
			"name": "Update | Partial Revision of Player 1 - Height",
			"event": [
				{
					"listen": "test",
					"script": {
						"exec": [
							"pm.test(\"200 status code\", function () {\r",
							"    pm.response.to.have.status(200);\r",
							"});"
						],
						"type": "text/javascript"
					}
				}
			],
			"request": {
				"method": "PATCH",
				"header": [
					{
						"key": "Accept",
						"value": "application/json",
						"type": "text"
					}
				],
				"body": {
					"mode": "raw",
					"raw": "{\r\n    \"height\": 70\r\n}",
					"options": {
						"raw": {
							"language": "json"
						}
					}
				},
				"url": {
					"raw": "{{app_url}}/players/{{player1_id}}",
					"host": [
						"{{app_url}}"
					],
					"path": [
						"players",
						"{{player1_id}}"
					]
				}
			},
			"response": []
		},
		{
			"name": "Update | Partial Revision of Player 1 - Weight",
			"event": [
				{
					"listen": "test",
					"script": {
						"exec": [
							"pm.test(\"200 status code\", function () {\r",
							"    pm.response.to.have.status(200);\r",
							"});"
						],
						"type": "text/javascript"
					}
				}
			],
			"request": {
				"method": "PATCH",
				"header": [
					{
						"key": "Accept",
						"value": "application/json",
						"type": "text"
					}
				],
				"body": {
					"mode": "raw",
					"raw": "{\r\n    \"weight\": 300\r\n}",
					"options": {
						"raw": {
							"language": "json"
						}
					}
				},
				"url": {
					"raw": "{{app_url}}/players/{{player1_id}}",
					"host": [
						"{{app_url}}"
					],
					"path": [
						"players",
						"{{player1_id}}"
					]
				}
			},
			"response": []
		},
		{
			"name": "Rejected Update | Partial Revision of Player 1 -| Bad Player ID",
			"event": [
				{
					"listen": "test",
					"script": {
						"exec": [
							"pm.test(\"404 status code\", function () {\r",
							"    pm.response.to.have.status(404);\r",
							"});"
						],
						"type": "text/javascript"
					}
				}
			],
			"request": {
				"method": "PATCH",
				"header": [
					{
						"key": "Accept",
						"value": "application/json",
						"type": "text"
					}
				],
				"body": {
					"mode": "raw",
					"raw": "{\r\n    \"weight\": 300\r\n}",
					"options": {
						"raw": {
							"language": "json"
						}
					}
				},
				"url": {
					"raw": "{{app_url}}/players/123456",
					"host": [
						"{{app_url}}"
					],
					"path": [
						"players",
						"123456"
					]
				}
			},
			"response": []
		},
		{
			"name": "Read |  Player 1 (After Edit)",
			"event": [
				{
					"listen": "test",
					"script": {
						"exec": [
							"pm.test(\"200 status code\", function () {\r",
							"    pm.response.to.have.status(200);\r",
							"});"
						],
						"type": "text/javascript"
					}
				}
			],
			"protocolProfileBehavior": {
				"disableBodyPruning": true
			},
			"request": {
				"method": "GET",
				"header": [
					{
						"key": "Accept",
						"value": "application/json",
						"type": "text"
					}
				],
				"body": {
					"mode": "raw",
					"raw": "",
					"options": {
						"raw": {
							"language": "json"
						}
					}
				},
				"url": {
					"raw": "{{app_url}}/players/{{player1_id}}",
					"host": [
						"{{app_url}}"
					],
					"path": [
						"players",
						"{{player1_id}}"
					]
				}
			},
			"response": []
		},
		{
			"name": "Rejected Update | Total Revision Player 1 | Bad Player ID",
			"event": [
				{
					"listen": "test",
					"script": {
						"exec": [
							"pm.test(\"404 status code\", function () {\r",
							"    pm.response.to.have.status(404);\r",
							"});"
						],
						"type": "text/javascript"
					}
				}
			],
			"request": {
				"method": "PUT",
				"header": [
					{
						"key": "Accept",
						"value": "application/json",
						"type": "text"
					}
				],
				"body": {
					"mode": "raw",
					"raw": "{\r\n    \"name\": \"Smoking Joe\",\r\n    \"height\": 66,\r\n    \"weight\": 210\r\n}",
					"options": {
						"raw": {
							"language": "json"
						}
					}
				},
				"url": {
					"raw": "{{app_url}}/players/123456",
					"host": [
						"{{app_url}}"
					],
					"path": [
						"players",
						"123456"
					]
				}
			},
			"response": []
		},
		{
			"name": "Rejected Update | Total Revision Player 1 | Missing Attribute",
			"event": [
				{
					"listen": "test",
					"script": {
						"exec": [
							"pm.test(\"400 status code\", function () {\r",
							"    pm.response.to.have.status(400);\r",
							"});"
						],
						"type": "text/javascript"
					}
				}
			],
			"request": {
				"method": "PUT",
				"header": [
					{
						"key": "Accept",
						"value": "application/json",
						"type": "text"
					}
				],
				"body": {
					"mode": "raw",
					"raw": "{\r\n    \"height\": 66,\r\n    \"weight\": 210\r\n}",
					"options": {
						"raw": {
							"language": "json"
						}
					}
				},
				"url": {
					"raw": "{{app_url}}/players/{{player1_id}}",
					"host": [
						"{{app_url}}"
					],
					"path": [
						"players",
						"{{player1_id}}"
					]
				}
			},
			"response": []
		},
		{
			"name": "Update | Total Revision Player 1",
			"event": [
				{
					"listen": "test",
					"script": {
						"exec": [
							"pm.test(\"200 status code\", function () {\r",
							"    pm.response.to.have.status(200);\r",
							"});"
						],
						"type": "text/javascript"
					}
				}
			],
			"request": {
				"method": "PUT",
				"header": [
					{
						"key": "Accept",
						"value": "application/json",
						"type": "text"
					}
				],
				"body": {
					"mode": "raw",
					"raw": "{\r\n    \"name\": \"Smoking Joe\",\r\n    \"height\": 66,\r\n    \"weight\": 210\r\n}",
					"options": {
						"raw": {
							"language": "json"
						}
					}
				},
				"url": {
					"raw": "{{app_url}}/players/{{player1_id}}",
					"host": [
						"{{app_url}}"
					],
					"path": [
						"players",
						"{{player1_id}}"
					]
				}
			},
			"response": []
		},
		{
			"name": "Read |  Player 1 (After Edit w/ PUT)",
			"event": [
				{
					"listen": "test",
					"script": {
						"exec": [
							"pm.test(\"200 status code\", function () {\r",
							"    pm.response.to.have.status(200);\r",
							"});"
						],
						"type": "text/javascript"
					}
				}
			],
			"protocolProfileBehavior": {
				"disableBodyPruning": true
			},
			"request": {
				"method": "GET",
				"header": [
					{
						"key": "Accept",
						"value": "application/json",
						"type": "text"
					}
				],
				"body": {
					"mode": "raw",
					"raw": "",
					"options": {
						"raw": {
							"language": "json"
						}
					}
				},
				"url": {
					"raw": "{{app_url}}/players/{{player1_id}}",
					"host": [
						"{{app_url}}"
					],
					"path": [
						"players",
						"{{player1_id}}"
					]
				}
			},
			"response": []
		},
		{
			"name": "Rejected Delete | Bad Player ID",
			"event": [
				{
					"listen": "test",
					"script": {
						"exec": [
							"pm.test(\"404 status code\", function () {\r",
							"    pm.response.to.have.status(404);\r",
							"});\r",
							"\r",
							"\r",
							""
						],
						"type": "text/javascript"
					}
				}
			],
			"request": {
				"method": "DELETE",
				"header": [
					{
						"key": "Accept",
						"value": "application/json",
						"type": "text"
					}
				],
				"body": {
					"mode": "raw",
					"raw": "",
					"options": {
						"raw": {
							"language": "json"
						}
					}
				},
				"url": {
					"raw": "{{app_url}}/players/123456",
					"host": [
						"{{app_url}}"
					],
					"path": [
						"players",
						"123456"
					]
				}
			},
			"response": []
		},
		{
			"name": "Delete | Player 1 (Player Not On Team)",
			"event": [
				{
					"listen": "test",
					"script": {
						"exec": [
							"pm.test(\"204 status code\", function () {\r",
							"    pm.response.to.have.status(204);\r",
							"});\r",
							"\r",
							"\r",
							""
						],
						"type": "text/javascript"
					}
				}
			],
			"request": {
				"method": "DELETE",
				"header": [
					{
						"key": "Accept",
						"value": "application/json",
						"type": "text"
					}
				],
				"body": {
					"mode": "raw",
					"raw": "",
					"options": {
						"raw": {
							"language": "json"
						}
					}
				},
				"url": {
					"raw": "{{app_url}}/players/{{player1_id}}",
					"host": [
						"{{app_url}}"
					],
					"path": [
						"players",
						"{{player1_id}}"
					]
				}
			},
			"response": []
		},
		{
			"name": "*** END PLAYER CRUD TESTING ***",
			"request": {
				"method": "LOCK",
				"header": []
			},
			"response": []
		},
		{
			"name": "Create | Create Player 2",
			"event": [
				{
					"listen": "test",
					"script": {
						"exec": [
							"pm.environment.set(\"player2_id\", pm.response.json()[\"id\"]);"
						],
						"type": "text/javascript"
					}
				}
			],
			"request": {
				"method": "POST",
				"header": [
					{
						"key": "Accept",
						"value": "application/json",
						"type": "text"
					}
				],
				"body": {
					"mode": "raw",
					"raw": "{\r\n    \"name\": \"Landon Donovan\",\r\n    \"height\": 60,\r\n    \"weight\": 205\r\n}",
					"options": {
						"raw": {
							"language": "json"
						}
					}
				},
				"url": {
					"raw": "{{app_url}}/players",
					"host": [
						"{{app_url}}"
					],
					"path": [
						"players"
					]
				}
			},
			"response": []
		},
		{
			"name": "Rejected Add | Invalid JWT",
			"event": [
				{
					"listen": "test",
					"script": {
						"exec": [
							"pm.test(\"401 status code\", function () {\r",
							"    pm.response.to.have.status(401);\r",
							"});"
						],
						"type": "text/javascript"
					}
				}
			],
			"request": {
				"auth": {
					"type": "bearer",
					"bearer": [
						{
							"key": "token",
							"value": "{{jwt2}}",
							"type": "string"
						}
					]
				},
				"method": "PUT",
				"header": [
					{
						"key": "Accept",
						"value": "application/json",
						"type": "text"
					}
				],
				"url": {
					"raw": "{{app_url}}/teams/{{team1_jwt1}}/players/{{player2_id}}",
					"host": [
						"{{app_url}}"
					],
					"path": [
						"teams",
						"{{team1_jwt1}}",
						"players",
						"{{player2_id}}"
					]
				}
			},
			"response": []
		},
		{
			"name": "Rejected Add | Invalid Player_id",
			"event": [
				{
					"listen": "test",
					"script": {
						"exec": [
							"pm.test(\"404 status code\", function () {\r",
							"    pm.response.to.have.status(404);\r",
							"});"
						],
						"type": "text/javascript"
					}
				}
			],
			"request": {
				"auth": {
					"type": "bearer",
					"bearer": [
						{
							"key": "token",
							"value": "{{jwt1}}",
							"type": "string"
						}
					]
				},
				"method": "PUT",
				"header": [
					{
						"key": "Accept",
						"value": "application/json",
						"type": "text"
					}
				],
				"url": {
					"raw": "{{app_url}}/teams/{{team1_jwt1}}/players/1234",
					"host": [
						"{{app_url}}"
					],
					"path": [
						"teams",
						"{{team1_jwt1}}",
						"players",
						"1234"
					]
				}
			},
			"response": []
		},
		{
			"name": "Rejected Add | InvalidTeam ID",
			"event": [
				{
					"listen": "test",
					"script": {
						"exec": [
							"pm.test(\"404 status code\", function () {\r",
							"    pm.response.to.have.status(404);\r",
							"});"
						],
						"type": "text/javascript"
					}
				}
			],
			"request": {
				"auth": {
					"type": "bearer",
					"bearer": [
						{
							"key": "token",
							"value": "{{jwt1}}",
							"type": "string"
						}
					]
				},
				"method": "PUT",
				"header": [
					{
						"key": "Accept",
						"value": "application/json",
						"type": "text"
					}
				],
				"url": {
					"raw": "{{app_url}}/teams/1234/players/{{player1_id}}",
					"host": [
						"{{app_url}}"
					],
					"path": [
						"teams",
						"1234",
						"players",
						"{{player1_id}}"
					]
				}
			},
			"response": []
		},
		{
			"name": "Add | Player 2 add JWT1 - Team 1",
			"event": [
				{
					"listen": "test",
					"script": {
						"exec": [
							"pm.test(\"200 status code\", function () {\r",
							"    pm.response.to.have.status(200);\r",
							"});"
						],
						"type": "text/javascript"
					}
				}
			],
			"request": {
				"auth": {
					"type": "bearer",
					"bearer": [
						{
							"key": "token",
							"value": "{{jwt1}}",
							"type": "string"
						}
					]
				},
				"method": "PUT",
				"header": [
					{
						"key": "Accept",
						"value": "application/json",
						"type": "text"
					}
				],
				"url": {
					"raw": "{{app_url}}/teams/{{team1_jwt1}}/players/{{player2_id}}",
					"host": [
						"{{app_url}}"
					],
					"path": [
						"teams",
						"{{team1_jwt1}}",
						"players",
						"{{player2_id}}"
					],
					"query": [
						{
							"key": "Accept",
							"value": "",
							"disabled": true
						}
					]
				}
			},
			"response": []
		},
		{
			"name": "Rejected Add | Player Already On Team",
			"event": [
				{
					"listen": "test",
					"script": {
						"exec": [
							"pm.test(\"406 status code\", function () {\r",
							"    pm.response.to.have.status(406);\r",
							"});"
						],
						"type": "text/javascript"
					}
				}
			],
			"request": {
				"auth": {
					"type": "bearer",
					"bearer": [
						{
							"key": "token",
							"value": "{{jwt1}}",
							"type": "string"
						}
					]
				},
				"method": "PUT",
				"header": [
					{
						"key": "Accept",
						"value": "application/json",
						"type": "text"
					}
				],
				"url": {
					"raw": "{{app_url}}/teams/{{team1_jwt1}}/players/{{player2_id}}",
					"host": [
						"{{app_url}}"
					],
					"path": [
						"teams",
						"{{team1_jwt1}}",
						"players",
						"{{player2_id}}"
					],
					"query": [
						{
							"key": "Accept",
							"value": "",
							"disabled": true
						}
					]
				}
			},
			"response": []
		},
		{
			"name": "Read | View Player 2 After Team Add",
			"event": [
				{
					"listen": "test",
					"script": {
						"exec": [
							"pm.test(\"200 status code\", function () {\r",
							"    pm.response.to.have.status(200);\r",
							"});"
						],
						"type": "text/javascript"
					}
				}
			],
			"protocolProfileBehavior": {
				"disableBodyPruning": true
			},
			"request": {
				"method": "GET",
				"header": [
					{
						"key": "Accept",
						"value": "application/json",
						"type": "text"
					}
				],
				"body": {
					"mode": "raw",
					"raw": "",
					"options": {
						"raw": {
							"language": "json"
						}
					}
				},
				"url": {
					"raw": "{{app_url}}/players/{{player2_id}}",
					"host": [
						"{{app_url}}"
					],
					"path": [
						"players",
						"{{player2_id}}"
					]
				}
			},
			"response": []
		},
		{
			"name": "Read | View JWT1 Team1 After Add",
			"event": [
				{
					"listen": "test",
					"script": {
						"exec": [
							"pm.test(\"200 status code\", function () {\r",
							"    pm.response.to.have.status(200);\r",
							"});"
						],
						"type": "text/javascript"
					}
				}
			],
			"protocolProfileBehavior": {
				"disableBodyPruning": true
			},
			"request": {
				"auth": {
					"type": "bearer",
					"bearer": [
						{
							"key": "token",
							"value": "{{jwt1}}",
							"type": "string"
						}
					]
				},
				"method": "GET",
				"header": [
					{
						"key": "Accept",
						"value": "application/json",
						"type": "text"
					}
				],
				"body": {
					"mode": "raw",
					"raw": "",
					"options": {
						"raw": {
							"language": "json"
						}
					}
				},
				"url": {
					"raw": "{{app_url}}/teams/{{team1_jwt1}}",
					"host": [
						"{{app_url}}"
					],
					"path": [
						"teams",
						"{{team1_jwt1}}"
					]
				}
			},
			"response": []
		},
		{
			"name": "Rejected Remove |  Invalid JWT",
			"event": [
				{
					"listen": "test",
					"script": {
						"exec": [
							"pm.test(\"401 status code\", function () {\r",
							"    pm.response.to.have.status(401);\r",
							"});"
						],
						"type": "text/javascript"
					}
				}
			],
			"request": {
				"auth": {
					"type": "bearer",
					"bearer": [
						{
							"key": "token",
							"value": "{{jwt2}}",
							"type": "string"
						}
					]
				},
				"method": "DELETE",
				"header": [
					{
						"key": "Accept",
						"value": "application/json",
						"type": "text"
					}
				],
				"url": {
					"raw": "{{app_url}}/teams/{{team1_jwt1}}/players/{{player2_id}}",
					"host": [
						"{{app_url}}"
					],
					"path": [
						"teams",
						"{{team1_jwt1}}",
						"players",
						"{{player2_id}}"
					]
				}
			},
			"response": []
		},
		{
			"name": "Rejected Remove |  Bad team_id",
			"event": [
				{
					"listen": "test",
					"script": {
						"exec": [
							"pm.test(\"404 status code\", function () {\r",
							"    pm.response.to.have.status(404);\r",
							"});"
						],
						"type": "text/javascript"
					}
				}
			],
			"request": {
				"auth": {
					"type": "bearer",
					"bearer": [
						{
							"key": "token",
							"value": "{{jwt1}}",
							"type": "string"
						}
					]
				},
				"method": "DELETE",
				"header": [
					{
						"key": "Accept",
						"value": "application/json",
						"type": "text"
					}
				],
				"url": {
					"raw": "{{app_url}}/teams/123456/players/{{player2_id}}",
					"host": [
						"{{app_url}}"
					],
					"path": [
						"teams",
						"123456",
						"players",
						"{{player2_id}}"
					]
				}
			},
			"response": []
		},
		{
			"name": "Rejected Remove | Bad player_id",
			"event": [
				{
					"listen": "test",
					"script": {
						"exec": [
							"pm.test(\"404 status code\", function () {\r",
							"    pm.response.to.have.status(404);\r",
							"});"
						],
						"type": "text/javascript"
					}
				}
			],
			"request": {
				"auth": {
					"type": "bearer",
					"bearer": [
						{
							"key": "token",
							"value": "{{jwt1}}",
							"type": "string"
						}
					]
				},
				"method": "DELETE",
				"header": [
					{
						"key": "Accept",
						"value": "application/json",
						"type": "text"
					}
				],
				"url": {
					"raw": "{{app_url}}/teams/{{team1_jwt1}}/players/1234567",
					"host": [
						"{{app_url}}"
					],
					"path": [
						"teams",
						"{{team1_jwt1}}",
						"players",
						"1234567"
					]
				}
			},
			"response": []
		},
		{
			"name": "Remove | Player 2 From Team 1_JWT1",
			"event": [
				{
					"listen": "test",
					"script": {
						"exec": [
							"pm.test(\"200 status code\", function () {\r",
							"    pm.response.to.have.status(200);\r",
							"});"
						],
						"type": "text/javascript"
					}
				}
			],
			"request": {
				"auth": {
					"type": "bearer",
					"bearer": [
						{
							"key": "token",
							"value": "{{jwt1}}",
							"type": "string"
						}
					]
				},
				"method": "DELETE",
				"header": [
					{
						"key": "Accept",
						"value": "application/json",
						"type": "text"
					}
				],
				"url": {
					"raw": "{{app_url}}/teams/{{team1_jwt1}}/players/{{player2_id}}",
					"host": [
						"{{app_url}}"
					],
					"path": [
						"teams",
						"{{team1_jwt1}}",
						"players",
						"{{player2_id}}"
					],
					"query": [
						{
							"key": "Accept",
							"value": "",
							"disabled": true
						}
					]
				}
			},
			"response": []
		},
		{
			"name": "*** END ADD/REMOVE PLAYER TESTING ***",
			"request": {
				"method": "LOCK",
				"header": []
			},
			"response": []
		},
		{
			"name": "*** START DELETE TESTING 2***",
			"request": {
				"method": "LOCK",
				"header": []
			},
			"response": []
		},
		{
			"name": "Create | Team 3 | jwt1",
			"event": [
				{
					"listen": "test",
					"script": {
						"exec": [
							"pm.environment.set(\"team3\", pm.response.json()[\"id\"]);"
						],
						"type": "text/javascript"
					}
				}
			],
			"request": {
				"auth": {
					"type": "bearer",
					"bearer": [
						{
							"key": "token",
							"value": "{{jwt1}}",
							"type": "string"
						}
					]
				},
				"method": "POST",
				"header": [
					{
						"key": "Accept",
						"value": "application/json",
						"type": "text"
					}
				],
				"body": {
					"mode": "raw",
					"raw": "{\r\n    \"nickname\": \"Team 3\",\r\n    \"city\": \"Corvallis\",\r\n    \"state\": \"Oregon\"\r\n}",
					"options": {
						"raw": {
							"language": "json"
						}
					}
				},
				"url": {
					"raw": "{{app_url}}/teams",
					"host": [
						"{{app_url}}"
					],
					"path": [
						"teams"
					]
				}
			},
			"response": []
		},
		{
			"name": "Create | Team 4 | jwt1",
			"event": [
				{
					"listen": "test",
					"script": {
						"exec": [
							"pm.environment.set(\"team4\", pm.response.json()[\"id\"]);"
						],
						"type": "text/javascript"
					}
				}
			],
			"request": {
				"auth": {
					"type": "bearer",
					"bearer": [
						{
							"key": "token",
							"value": "{{jwt1}}",
							"type": "string"
						}
					]
				},
				"method": "POST",
				"header": [
					{
						"key": "Accept",
						"value": "application/json",
						"type": "text"
					}
				],
				"body": {
					"mode": "raw",
					"raw": "{\r\n    \"nickname\": \"Team 4\",\r\n    \"city\": \"Federal Way\",\r\n    \"state\": \"Washington\"\r\n}",
					"options": {
						"raw": {
							"language": "json"
						}
					}
				},
				"url": {
					"raw": "{{app_url}}/teams",
					"host": [
						"{{app_url}}"
					],
					"path": [
						"teams"
					]
				}
			},
			"response": []
		},
		{
			"name": "Create | Create Player 5",
			"event": [
				{
					"listen": "test",
					"script": {
						"exec": [
							"pm.environment.set(\"player5\", pm.response.json()[\"id\"]);"
						],
						"type": "text/javascript"
					}
				}
			],
			"request": {
				"method": "POST",
				"header": [
					{
						"key": "Accept",
						"value": "application/json",
						"type": "text"
					}
				],
				"body": {
					"mode": "raw",
					"raw": "{\r\n    \"name\": \"Player 5\",\r\n    \"height\": 60,\r\n    \"weight\": 205\r\n}",
					"options": {
						"raw": {
							"language": "json"
						}
					}
				},
				"url": {
					"raw": "{{app_url}}/players",
					"host": [
						"{{app_url}}"
					],
					"path": [
						"players"
					]
				}
			},
			"response": []
		},
		{
			"name": "Create | Create Player 6",
			"event": [
				{
					"listen": "test",
					"script": {
						"exec": [
							"pm.environment.set(\"player6\", pm.response.json()[\"id\"]);"
						],
						"type": "text/javascript"
					}
				}
			],
			"request": {
				"method": "POST",
				"header": [
					{
						"key": "Accept",
						"value": "application/json",
						"type": "text"
					}
				],
				"body": {
					"mode": "raw",
					"raw": "{\r\n    \"name\": \"Player 6\",\r\n    \"height\": 60,\r\n    \"weight\": 205\r\n}",
					"options": {
						"raw": {
							"language": "json"
						}
					}
				},
				"url": {
					"raw": "{{app_url}}/players",
					"host": [
						"{{app_url}}"
					],
					"path": [
						"players"
					]
				}
			},
			"response": []
		},
		{
			"name": "Create | Create Player 7",
			"event": [
				{
					"listen": "test",
					"script": {
						"exec": [
							"pm.environment.set(\"player7\", pm.response.json()[\"id\"]);"
						],
						"type": "text/javascript"
					}
				}
			],
			"request": {
				"method": "POST",
				"header": [
					{
						"key": "Accept",
						"value": "application/json",
						"type": "text"
					}
				],
				"body": {
					"mode": "raw",
					"raw": "{\r\n    \"name\": \"Player 7\",\r\n    \"height\": 60,\r\n    \"weight\": 205\r\n}",
					"options": {
						"raw": {
							"language": "json"
						}
					}
				},
				"url": {
					"raw": "{{app_url}}/players",
					"host": [
						"{{app_url}}"
					],
					"path": [
						"players"
					]
				}
			},
			"response": []
		},
		{
			"name": "Add | Player 5 Team 3",
			"event": [
				{
					"listen": "test",
					"script": {
						"exec": [
							"pm.test(\"200 status code\", function () {\r",
							"    pm.response.to.have.status(200);\r",
							"});"
						],
						"type": "text/javascript"
					}
				}
			],
			"request": {
				"auth": {
					"type": "bearer",
					"bearer": [
						{
							"key": "token",
							"value": "{{jwt1}}",
							"type": "string"
						}
					]
				},
				"method": "PUT",
				"header": [
					{
						"key": "Accept",
						"value": "application/json",
						"type": "text"
					}
				],
				"url": {
					"raw": "{{app_url}}/teams/{{team3}}/players/{{player5}}",
					"host": [
						"{{app_url}}"
					],
					"path": [
						"teams",
						"{{team3}}",
						"players",
						"{{player5}}"
					],
					"query": [
						{
							"key": "Accept",
							"value": "",
							"disabled": true
						}
					]
				}
			},
			"response": []
		},
		{
			"name": "Rejected Add | Player 5 Team 4",
			"event": [
				{
					"listen": "test",
					"script": {
						"exec": [
							"pm.test(\"406 status code\", function () {\r",
							"    pm.response.to.have.status(406);\r",
							"});"
						],
						"type": "text/javascript"
					}
				}
			],
			"request": {
				"auth": {
					"type": "bearer",
					"bearer": [
						{
							"key": "token",
							"value": "{{jwt1}}",
							"type": "string"
						}
					]
				},
				"method": "PUT",
				"header": [
					{
						"key": "Accept",
						"value": "application/json",
						"type": "text"
					}
				],
				"url": {
					"raw": "{{app_url}}/teams/{{team4}}/players/{{player5}}",
					"host": [
						"{{app_url}}"
					],
					"path": [
						"teams",
						"{{team4}}",
						"players",
						"{{player5}}"
					],
					"query": [
						{
							"key": "Accept",
							"value": "",
							"disabled": true
						}
					]
				}
			},
			"response": []
		},
		{
			"name": "Add | Player 6 Team 4",
			"event": [
				{
					"listen": "test",
					"script": {
						"exec": [
							"pm.test(\"200 status code\", function () {\r",
							"    pm.response.to.have.status(200);\r",
							"});"
						],
						"type": "text/javascript"
					}
				}
			],
			"request": {
				"auth": {
					"type": "bearer",
					"bearer": [
						{
							"key": "token",
							"value": "{{jwt1}}",
							"type": "string"
						}
					]
				},
				"method": "PUT",
				"header": [
					{
						"key": "Accept",
						"value": "application/json",
						"type": "text"
					}
				],
				"url": {
					"raw": "{{app_url}}/teams/{{team4}}/players/{{player6}}",
					"host": [
						"{{app_url}}"
					],
					"path": [
						"teams",
						"{{team4}}",
						"players",
						"{{player6}}"
					],
					"query": [
						{
							"key": "Accept",
							"value": "",
							"disabled": true
						}
					]
				}
			},
			"response": []
		},
		{
			"name": "Add | Player 7 Team 4",
			"event": [
				{
					"listen": "test",
					"script": {
						"exec": [
							"pm.test(\"200 status code\", function () {\r",
							"    pm.response.to.have.status(200);\r",
							"});"
						],
						"type": "text/javascript"
					}
				}
			],
			"request": {
				"auth": {
					"type": "bearer",
					"bearer": [
						{
							"key": "token",
							"value": "{{jwt1}}",
							"type": "string"
						}
					]
				},
				"method": "PUT",
				"header": [
					{
						"key": "Accept",
						"value": "application/json",
						"type": "text"
					}
				],
				"url": {
					"raw": "{{app_url}}/teams/{{team4}}/players/{{player7}}",
					"host": [
						"{{app_url}}"
					],
					"path": [
						"teams",
						"{{team4}}",
						"players",
						"{{player7}}"
					],
					"query": [
						{
							"key": "Accept",
							"value": "",
							"disabled": true
						}
					]
				}
			},
			"response": []
		},
		{
			"name": "Read |  Player 5",
			"event": [
				{
					"listen": "test",
					"script": {
						"exec": [
							"pm.test(\"200 status code\", function () {\r",
							"    pm.response.to.have.status(200);\r",
							"});"
						],
						"type": "text/javascript"
					}
				}
			],
			"protocolProfileBehavior": {
				"disableBodyPruning": true
			},
			"request": {
				"method": "GET",
				"header": [
					{
						"key": "Accept",
						"value": "application/json",
						"type": "text"
					}
				],
				"body": {
					"mode": "raw",
					"raw": "",
					"options": {
						"raw": {
							"language": "json"
						}
					}
				},
				"url": {
					"raw": "{{app_url}}/players/{{player5}}",
					"host": [
						"{{app_url}}"
					],
					"path": [
						"players",
						"{{player5}}"
					]
				}
			},
			"response": []
		},
		{
			"name": "Read |  Player 6",
			"event": [
				{
					"listen": "test",
					"script": {
						"exec": [
							"pm.test(\"200 status code\", function () {\r",
							"    pm.response.to.have.status(200);\r",
							"});"
						],
						"type": "text/javascript"
					}
				}
			],
			"protocolProfileBehavior": {
				"disableBodyPruning": true
			},
			"request": {
				"method": "GET",
				"header": [
					{
						"key": "Accept",
						"value": "application/json",
						"type": "text"
					}
				],
				"body": {
					"mode": "raw",
					"raw": "",
					"options": {
						"raw": {
							"language": "json"
						}
					}
				},
				"url": {
					"raw": "{{app_url}}/players/{{player6}}",
					"host": [
						"{{app_url}}"
					],
					"path": [
						"players",
						"{{player6}}"
					]
				}
			},
			"response": []
		},
		{
			"name": "Read |  Player 7",
			"event": [
				{
					"listen": "test",
					"script": {
						"exec": [
							"pm.test(\"200 status code\", function () {\r",
							"    pm.response.to.have.status(200);\r",
							"});"
						],
						"type": "text/javascript"
					}
				}
			],
			"protocolProfileBehavior": {
				"disableBodyPruning": true
			},
			"request": {
				"method": "GET",
				"header": [
					{
						"key": "Accept",
						"value": "application/json",
						"type": "text"
					}
				],
				"body": {
					"mode": "raw",
					"raw": "",
					"options": {
						"raw": {
							"language": "json"
						}
					}
				},
				"url": {
					"raw": "{{app_url}}/players/{{player7}}",
					"host": [
						"{{app_url}}"
					],
					"path": [
						"players",
						"{{player7}}"
					]
				}
			},
			"response": []
		},
		{
			"name": "Read | JWT 1 Teams",
			"event": [
				{
					"listen": "test",
					"script": {
						"exec": [
							"pm.test(\"200 status code\", function () {\r",
							"    pm.response.to.have.status(200);\r",
							"});"
						],
						"type": "text/javascript"
					}
				}
			],
			"protocolProfileBehavior": {
				"disableBodyPruning": true
			},
			"request": {
				"auth": {
					"type": "bearer",
					"bearer": [
						{
							"key": "token",
							"value": "{{jwt1}}",
							"type": "string"
						}
					]
				},
				"method": "GET",
				"header": [
					{
						"key": "Accept",
						"value": "application/json",
						"type": "text"
					}
				],
				"body": {
					"mode": "raw",
					"raw": "",
					"options": {
						"raw": {
							"language": "json"
						}
					}
				},
				"url": {
					"raw": "{{app_url}}/teams",
					"host": [
						"{{app_url}}"
					],
					"path": [
						"teams"
					]
				}
			},
			"response": []
		},
		{
			"name": "Invald Delete | Player 5 | Missing JWT",
			"event": [
				{
					"listen": "test",
					"script": {
						"exec": [
							"pm.test(\"401 status code\", function () {\r",
							"    pm.response.to.have.status(401);\r",
							"});"
						],
						"type": "text/javascript"
					}
				}
			],
			"request": {
				"auth": {
					"type": "bearer",
					"bearer": [
						{
							"key": "token",
							"value": "",
							"type": "string"
						}
					]
				},
				"method": "DELETE",
				"header": [
					{
						"key": "Accept",
						"value": "application/json",
						"type": "text"
					}
				],
				"url": {
					"raw": "{{app_url}}/players/{{player5}}",
					"host": [
						"{{app_url}}"
					],
					"path": [
						"players",
						"{{player5}}"
					],
					"query": [
						{
							"key": "Accept",
							"value": "",
							"disabled": true
						}
					]
				}
			},
			"response": []
		},
		{
			"name": "Delete | Player 5",
			"event": [
				{
					"listen": "test",
					"script": {
						"exec": [
							"pm.test(\"204 status code\", function () {\r",
							"    pm.response.to.have.status(204);\r",
							"});"
						],
						"type": "text/javascript"
					}
				}
			],
			"request": {
				"auth": {
					"type": "bearer",
					"bearer": [
						{
							"key": "token",
							"value": "{{jwt1}}",
							"type": "string"
						}
					]
				},
				"method": "DELETE",
				"header": [
					{
						"key": "Accept",
						"value": "application/json",
						"type": "text"
					}
				],
				"url": {
					"raw": "{{app_url}}/players/{{player5}}",
					"host": [
						"{{app_url}}"
					],
					"path": [
						"players",
						"{{player5}}"
					],
					"query": [
						{
							"key": "Accept",
							"value": "",
							"disabled": true
						}
					]
				}
			},
			"response": []
		},
		{
			"name": "Read | Verify Player Not On Team 3",
			"event": [
				{
					"listen": "test",
					"script": {
						"exec": [
							"pm.test(\"200 status code\", function () {\r",
							"    pm.response.to.have.status(200);\r",
							"});"
						],
						"type": "text/javascript"
					}
				}
			],
			"protocolProfileBehavior": {
				"disableBodyPruning": true
			},
			"request": {
				"auth": {
					"type": "bearer",
					"bearer": [
						{
							"key": "token",
							"value": "{{jwt1}}",
							"type": "string"
						}
					]
				},
				"method": "GET",
				"header": [],
				"body": {
					"mode": "raw",
					"raw": "",
					"options": {
						"raw": {
							"language": "json"
						}
					}
				},
				"url": {
					"raw": "{{app_url}}/teams/{{team3}}",
					"host": [
						"{{app_url}}"
					],
					"path": [
						"teams",
						"{{team3}}"
					]
				}
			},
			"response": []
		},
		{
			"name": "Delete | Team 4",
			"event": [
				{
					"listen": "test",
					"script": {
						"exec": [
							"pm.test(\"204 status code\", function () {\r",
							"    pm.response.to.have.status(204);\r",
							"});\r",
							"\r",
							"\r",
							""
						],
						"type": "text/javascript"
					}
				}
			],
			"request": {
				"auth": {
					"type": "bearer",
					"bearer": [
						{
							"key": "token",
							"value": "{{jwt1}}",
							"type": "string"
						}
					]
				},
				"method": "DELETE",
				"header": [
					{
						"key": "Accept",
						"value": "application/json",
						"type": "text"
					}
				],
				"body": {
					"mode": "raw",
					"raw": "",
					"options": {
						"raw": {
							"language": "json"
						}
					}
				},
				"url": {
					"raw": "{{app_url}}/teams/{{team4}}",
					"host": [
						"{{app_url}}"
					],
					"path": [
						"teams",
						"{{team4}}"
					]
				}
			},
			"response": []
		},
		{
			"name": "Read |  Player 6 | Verify No Team",
			"event": [
				{
					"listen": "test",
					"script": {
						"exec": [
							"pm.test(\"200 status code\", function () {\r",
							"    pm.response.to.have.status(200);\r",
							"});"
						],
						"type": "text/javascript"
					}
				}
			],
			"protocolProfileBehavior": {
				"disableBodyPruning": true
			},
			"request": {
				"method": "GET",
				"header": [
					{
						"key": "Accept",
						"value": "application/json",
						"type": "text"
					}
				],
				"body": {
					"mode": "raw",
					"raw": "",
					"options": {
						"raw": {
							"language": "json"
						}
					}
				},
				"url": {
					"raw": "{{app_url}}/players/{{player6}}",
					"host": [
						"{{app_url}}"
					],
					"path": [
						"players",
						"{{player6}}"
					]
				}
			},
			"response": []
		},
		{
			"name": "Read |  Player 7 | Verify No Team",
			"event": [
				{
					"listen": "test",
					"script": {
						"exec": [
							"pm.test(\"200 status code\", function () {\r",
							"    pm.response.to.have.status(200);\r",
							"});"
						],
						"type": "text/javascript"
					}
				}
			],
			"protocolProfileBehavior": {
				"disableBodyPruning": true
			},
			"request": {
				"method": "GET",
				"header": [
					{
						"key": "Accept",
						"value": "application/json",
						"type": "text"
					}
				],
				"body": {
					"mode": "raw",
					"raw": "",
					"options": {
						"raw": {
							"language": "json"
						}
					}
				},
				"url": {
					"raw": "{{app_url}}/players/{{player7}}",
					"host": [
						"{{app_url}}"
					],
					"path": [
						"players",
						"{{player7}}"
					]
				}
			},
			"response": []
		},
		{
			"name": "*** END DELETE  TESTING ***",
			"request": {
				"method": "LOCK",
				"header": []
			},
			"response": []
		},
		{
			"name": "View Owners",
			"event": [
				{
					"listen": "test",
					"script": {
						"exec": [
							"pm.test(\"200 status code\", function () {\r",
							"    pm.response.to.have.status(200);\r",
							"});\r",
							"\r",
							""
						],
						"type": "text/javascript"
					}
				}
			],
			"request": {
				"method": "GET",
				"header": [
					{
						"key": "Accept",
						"value": "application/json",
						"type": "text"
					}
				],
				"url": {
					"raw": "{{app_url}}/owners",
					"host": [
						"{{app_url}}"
					],
					"path": [
						"owners"
					]
				}
			},
			"response": []
		},
		{
			"name": "Status Code Test | 200",
			"event": [
				{
					"listen": "test",
					"script": {
						"exec": [
							"pm.test(\"200 status code\", function () {\r",
							"    pm.response.to.have.status(200);\r",
							"});"
						],
						"type": "text/javascript"
					}
				}
			],
			"request": {
				"method": "GET",
				"header": [
					{
						"key": "Accept",
						"value": "application/json",
						"type": "text"
					}
				],
				"url": {
					"raw": "{{app_url}}/players",
					"host": [
						"{{app_url}}"
					],
					"path": [
						"players"
					]
				}
			},
			"response": []
		},
		{
			"name": "Status Code Test | 201",
			"event": [
				{
					"listen": "test",
					"script": {
						"exec": [
							"pm.test(\"201 status code\", function () {\r",
							"    pm.response.to.have.status(201);\r",
							"});\r",
							"pm.environment.set(\"player201\", pm.response.json()[\"id\"]);"
						],
						"type": "text/javascript"
					}
				}
			],
			"request": {
				"method": "POST",
				"header": [
					{
						"key": "Accept",
						"value": "application/json",
						"type": "text"
					}
				],
				"body": {
					"mode": "raw",
					"raw": "{\r\n    \"name\":\"status code 201\",\r\n    \"weight\": 201,\r\n    \"height\": 201\r\n}",
					"options": {
						"raw": {
							"language": "json"
						}
					}
				},
				"url": {
					"raw": "{{app_url}}/players",
					"host": [
						"{{app_url}}"
					],
					"path": [
						"players"
					]
				}
			},
			"response": []
		},
		{
			"name": "Status Code Test | 204",
			"event": [
				{
					"listen": "test",
					"script": {
						"exec": [
							"pm.test(\"204 status code\", function () {\r",
							"    pm.response.to.have.status(204);\r",
							"});"
						],
						"type": "text/javascript"
					}
				}
			],
			"request": {
				"method": "DELETE",
				"header": [
					{
						"key": "Accept",
						"value": "application/json",
						"type": "text"
					}
				],
				"url": {
					"raw": "{{app_url}}/players/{{player201}}",
					"host": [
						"{{app_url}}"
					],
					"path": [
						"players",
						"{{player201}}"
					]
				}
			},
			"response": []
		},
		{
			"name": "Status Code Test | 401",
			"event": [
				{
					"listen": "test",
					"script": {
						"exec": [
							"pm.test(\"401 status code\", function () {\r",
							"    pm.response.to.have.status(401);\r",
							"});"
						],
						"type": "text/javascript"
					}
				}
			],
			"request": {
				"auth": {
					"type": "bearer",
					"bearer": [
						{
							"key": "token",
							"value": "{{jwt2}}",
							"type": "string"
						}
					]
				},
				"method": "DELETE",
				"header": [
					{
						"key": "Accept",
						"value": "application/json",
						"type": "text"
					}
				],
				"url": {
					"raw": "{{app_url}}/teams/{{team3}}",
					"host": [
						"{{app_url}}"
					],
					"path": [
						"teams",
						"{{team3}}"
					]
				}
			},
			"response": []
		},
		{
			"name": "Status Code Test | 403",
			"event": [
				{
					"listen": "test",
					"script": {
						"exec": [
							"pm.test(\"403 status code\", function () {\r",
							"    pm.response.to.have.status(403);\r",
							"});"
						],
						"type": "text/javascript"
					}
				}
			],
			"request": {
				"auth": {
					"type": "bearer",
					"bearer": [
						{
							"key": "token",
							"value": "{{jwt1}}",
							"type": "string"
						}
					]
				},
				"method": "POST",
				"header": [
					{
						"key": "Accept",
						"value": "application/json",
						"type": "text"
					}
				],
				"body": {
					"mode": "raw",
					"raw": "{\r\n    \"nickname\": \"Team 3\",\r\n    \"city\": \"Corvallis\",\r\n    \"state\": \"Oregon\"\r\n}",
					"options": {
						"raw": {
							"language": "json"
						}
					}
				},
				"url": {
					"raw": "{{app_url}}/teams",
					"host": [
						"{{app_url}}"
					],
					"path": [
						"teams"
					]
				}
			},
			"response": []
		},
		{
			"name": "Status Code Test | 405",
			"event": [
				{
					"listen": "test",
					"script": {
						"exec": [
							"pm.test(\"405 status code\", function () {\r",
							"    pm.response.to.have.status(405);\r",
							"});"
						],
						"type": "text/javascript"
					}
				}
			],
			"request": {
				"method": "GET",
				"header": [
					{
						"key": "Accept",
						"value": "application/json",
						"type": "text"
					}
				]
			},
			"response": []
		},
		{
			"name": "Status Code Test | 406",
			"event": [
				{
					"listen": "test",
					"script": {
						"exec": [
							"pm.test(\"406 status code\", function () {\r",
							"    pm.response.to.have.status(406);\r",
							"});"
						],
						"type": "text/javascript"
					}
				}
			],
			"request": {
				"method": "POST",
				"header": [],
				"url": {
					"raw": "{{app_url}}/players",
					"host": [
						"{{app_url}}"
					],
					"path": [
						"players"
					]
				}
			},
			"response": []
		}
	]
}