{
	"id": "8c796110-1618-40d1-a990-24a75d6b64f4",
	"name": "creekk_project",
	"values": [
		{
			"key": "auth0-domain",
			"value": "creekk-cs493.us.auth0.com",
			"type": "default",
			"enabled": true
		},
		{
			"key": "client_id",
			"value": "Ho4DGciVkO6dg5CA1wwHjJcNM6xvs3so",
			"type": "default",
			"enabled": true
		},
		{
			"key": "client_secret",
			"value": "ZxGKv4dEHNZwUEQl9pzd7bhn03ZdHDBPQL4wAZ8ayYx8nrcJQvcBIASAzgY_KfzP",
			"type": "default",
			"enabled": true
		},
		{
			"key": "user_id1",
			"value": "user1@test.com",
			"type": "default",
			"enabled": true
		},
		{
			"key": "user1_password",
			"value": "User1Test",
			"type": "default",
			"enabled": true
		},
		{
			"key": "user_id2",
			"value": "user2@test.com",
			"type": "default",
			"enabled": true
		},
		{
			"key": "user2_password",
			"value": "User2Test",
			"type": "default",
			"enabled": true
		},
		{
			"key": "jwt1",
			"value": "",
			"type": "default",
			"enabled": true
		},
		{
			"key": "jwt2",
			"value": "",
			"type": "default",
			"enabled": true
		},
		{
			"key": "app_url",
			"value": "https://creekk-final.uw.r.appspot.com",
			"type": "default",
			"enabled": true
		},
		{
			"key": "player1_id",
			"value": "",
			"type": "default",
			"enabled": true
		},
		{
			"key": "dead_team",
			"value": "",
			"type": "default",
			"enabled": true
		},
		{
			"key": "team2_jwt2",
			"value": "",
			"type": "any",
			"enabled": true
		},
		{
			"key": "team1_jwt1",
			"value": "",
			"type": "default",
			"enabled": true
		},
		{
			"key": "player2_id",
			"value": "",
			"type": "default",
			"enabled": true
		},
		{
			"key": "team3",
			"value": "",
			"type": "default",
			"enabled": true
		},
		{
			"key": "team4",
			"value": "",
			"type": "default",
			"enabled": true
		},
		{
			"key": "player5",
			"value": "",
			"type": "default",
			"enabled": true
		},
		{
			"key": "player6",
			"value": "",
			"type": "default",
			"enabled": true
		},
		{
			"key": "player7",
			"value": "",
			"type": "default",
			"enabled": true
		},
		{
			"key": "player201",
			"value": "",
			"type": "default",
			"enabled": true
		}
	],
	"_postman_variable_scope": "environment",
	"_postman_exported_at": "2022-12-01T05:58:53.051Z",
	"_postman_exported_using": "Postman/9.31.23"
}